Country,ISO 3166-1 alpha-2 Code, national genomic project status, project status (number),
Australia,AU, active, 1,
New Zealand,NZ, active, 1,
Bangladesh,BD, active, 1,
Canada,CA, active, 1,
Mexico,MX, active, 1,
United States,US, active, 1,
Brazil,BR, active, 1,
Uruguay,UY, active, 1,
Egypt,EG, active, 1,
Nigeria,NG, active, 1,
Tunisia,TN, active, 1,
Bahrain,BH, active, 1,
Iran,IR, active, 1,
Qatar,QA, active, 1,
Saudi Arabia,SA, active, 1,
United Arab Emirates,AE, active, 1,
Armenia,AM, active, 1,
Turkey,TR, active, 1,
China,CN, active, 1,
Hong Kong (China),HK, active, 1,
India,IN, active, 1,
Japan,JP, active, 1,
Singapore,SG, active, 1,
South Korea,KR, active, 1,
Taiwan,TW, active, 1,
Vietnam,VN, active, 1,
Thailand,TH, active, 1,
Austria,AT, active, 1,
Belgium,BE, active, 1,
Cyprus,CY, active, 1,
Czech Republic,CZ, active, 1,
Denmark,DK, active, 1,
Estonia,EE, active, 1,
Germany,DE, active, 1,
Italy,IT, active, 1,
Serbia,RS, active, 1,
Bulgaria,BG, active, 1,
Croatia,HR, active, 1,
France,FR, active, 1,
Finland,FI, active, 1,
Greece,GR, active, 1,
Hungary,HU, active, 1,
Ireland,IE, active, 1,
Latvia,LV, active, 1,
Lithuania,LT, active, 1,
Luxembourg,LU, active, 1,
Malta,MT, active, 1,
Netherlands,NL, active, 1,
Norway,NO, active, 1,
Poland,PL, active, 1,
Portugal,PT, active, 1,
Romania,RO, active, 1,
Slovenia,SI, active, 1,
Spain,ES, active, 1,
Sweden,SE, active, 1,
Switzerland,CH, active, 1,
United Kingdom,GB, active, 1,
Chile,CL, finished, 0.7,
Gambia,GM, finished / limited scope-H3 Africa, 0.7,
Greenland (Denmark),GL, finished, 0.7,
Iceland,IS, finished, 0.7,
Peru,PE, finished, 0.7,
Russia,RU, finished, 0.7,
Argentina,AR, limited scope, 0.5,
DR Congo,CD, limited scope, 0.5,
Indonesia,ID, limited scope, 0.5,
Kuwait,KW, limited scope, 0.5,
Pakistan,PK, limited scope, 0.5,
Philippines,PH, limited scope, 0.5,
Chad,TD, limited scope, 0.5,
Comoros,KM, limited scope, 0.5,
Kazakhstan,KZ, limited scope, 0.5,
Malaysia,MY, limited scope, 0.5,
Morocco,MA, limited scope, 0.5,
Sri Lanka,LK, limited scope, 0.5,
Cuba,CU, limited scope, 0.5,
Ethiopia,ET, limited scope, 0.5,
Colombia,CO, limited scope, 0.5,
Dominican Republic,DO, limited scope, 0.5,
Ecuador,EC, limited scope, 0.5,
El Salvador,SV, limited scope, 0.5,
Guatemala,GT, limited scope, 0.5,
Haiti,HT, limited scope, 0.5,
Honduras,HN, limited scope, 0.5,
Puerto Rico (US),PR, limited scope, 0.5,
Papua New Guinea,PG, limited scope, 0.5,
Botswana,BW, limited scope, 0.5,
Uganda,UG, limited scope-H3 Africa, 0.3,
Ghana,GH, limited scope-H3 Africa, 0.3,
Kenya,KE, limited scope-H3 Africa, 0.3,
South Africa,ZA, limited scope-H3 Africa, 0.3,
Tanzania,TZ, limited scope-H3 Africa, 0.3,
Central African Republic,CF, limited scope-H3 Africa, 0.3,
Afghanistan,AF, no, 0,
Albania,AL, no, 0,
Algeria,DZ, no, 0,
American Samoa (US),AS, no, 0,
Andorra,AD, no, 0,
Angola,AO, no, 0,
Anguilla (UK),AI, no, 0,
Antigua and Barbuda,AG, no, 0,
Aruba (Netherlands),AW, no, 0,
Azerbaijan,AZ, no, 0,
Bahamas,BS, no, 0,
Barbados,BB, no, 0,
Belarus,BY, no, 0,
Belize,BZ, no, 0,
Benin,BJ, no, 0,
Bermuda (UK),BM, no, 0,
Bhutan,BT, no, 0,
Bolivia,BO, no, 0,
Bosnia and Herzegovina,BA, no, 0,
British Virgin Islands (UK),VG, no, 0,
Brunei,BN, no, 0,
Burkina Faso,BF, no, 0,
Burundi,BI, no, 0,
Cambodia,KH, no, 0,
Cameroon,CM, no, 0,
Cape Verde,CV, no, 0,
Cayman Islands (UK),KY, no, 0,
Christmas Island (Australia),CX, no, 0,
Cocos (Keeling) Islands (Australia),CC, no, 0,
Congo,CG, no, 0,
Cook Islands (NZ),CK, no, 0,
Costa Rica,CR, no, 0,
Cura√ßao (Netherlands),CW, no, 0,
Djibouti,DJ, no, 0,
Dominica,DM, no, 0,
Equatorial Guinea,GQ, no, 0,
Eritrea,ER, no, 0,
Eswatini,SZ, no, 0,
F.S.Micronesia,FM, no, 0,
Falkland Islands (UK),FK, no, 0,
Faroe Islands (Denmark),FO, no, 0,
Fiji,FJ, no, 0,
French Polynesia (France),PF, no, 0,
Gabon,GA, no, 0,
Georgia,GE, no, 0,
Gibraltar (UK),GI, no, 0,
Grenada,GD, no, 0,
Guam (US),GU, no, 0,
Guernsey (UK),GG, no, 0,
Guinea,GN, no, 0,
Guinea-Bissau,GW, no, 0,
Guyana,GY, no, 0,
Iraq,IQ, no, 0,
Isle of Man (UK),IM, no, 0,
Ivory Coast,CI, no, 0,
Jamaica,JM, no, 0,
Jersey (UK),JE, no, 0,
Jordan,JO, no, 0,
Kiribati,KI, no, 0,
Kosovo,XK, no, 0,
Kyrgyzstan,KG, no, 0,
Laos,LA, no, 0,
Lebanon,LB, no, 0,
Lesotho,LS, no, 0,
Liberia,LR, no, 0,
Libya,LY, no, 0,
Liechtenstein,LI, no, 0,
Macau (China),MO, no, 0,
Madagascar,MG, no, 0,
Malawi,MW, no, 0,
Maldives,MV, no, 0,
Mali,ML, no, 0,
Marshall Islands,MH, no, 0,
Mauritania,MR, no, 0,
Mauritius,MU, no, 0,
Moldova,MD, no, 0,
Monaco,MC, no, 0,
Mongolia,MN, no, 0,
Montenegro,ME, no, 0,
Montserrat (UK),MS, no, 0,
Mozambique,MZ, no, 0,
Myanmar,MM, no, 0,
Namibia,NA, no, 0,
Nauru,NR, no, 0,
Nepal,NP, no, 0,
New Caledonia (France),NC, no, 0,
Nicaragua,NI, no, 0,
Niger,NE, no, 0,
Niue (NZ),NU, no, 0,
Norfolk Island (Australia),NF, no, 0,
North Korea,KP, no, 0,
North Macedonia,MK, no, 0,
Northern Mariana Islands (US),MP, no, 0,
Oman,OM, no, 0,
Palau,PW, no, 0,
Palestine,PS, no, 0,
Panama,PA, no, 0,
Paraguay,PY, no, 0,
Pitcairn Islands (UK),PN, no, 0,
Rwanda,RW, no, 0,
Saint Barthelemy (France),BL, no, 0,
Saint Helena Ascension and Tristan da Cunha (UK),SH, no, 0,
Saint Kitts and Nevis,KN, no, 0,
Saint Lucia,LC, no, 0,
Saint Martin (France),MF, no, 0,
Saint Pierre and Miquelon (France),PM, no, 0,
Saint Vincent and the Grenadines,VC, no, 0,
Samoa,WS, no, 0,
San Marino,SM, no, 0,
Sao Tome and Principe,ST, no, 0,
Senegal,SN, no, 0,
Seychelles,SC, no, 0,
Sierra Leone,SL, no, 0,
Sint Maarten (Netherlands),SX, no, 0,
Slovakia,SK, no, 0,
Solomon Islands,SB, no, 0,
Somalia,SO, no, 0,
South Sudan,SS, no, 0,
Sudan,SD, no, 0,
Suriname,SR, no, 0,
Syria,SY, no, 0,
Tajikistan,TJ, no, 0,
Togo,TG, no, 0,
Tokelau (NZ),TK, no, 0,
Tonga,TO, no, 0,
Trinidad and Tobago,TT, no, 0,
Turkmenistan,TM, no, 0,
Turks and Caicos Islands (UK),TC, no, 0,
Tuvalu,TV, no, 0,
U.S.Virgin Islands (US),VI, no, 0,
Ukraine,UA, no, 0,
Uzbekistan,UZ, no, 0,
Vanuatu,VU, no, 0,
Vatican City,VA, no, 0,
Venezuela,VE, no, 0,
Wallis and Futuna (France),WF, no, 0,
Western Sahara,EH, no, 0,
Yemen,YE, no, 0,
Zambia,ZM, no, 0,
